<?xml version="1.0" encoding="UTF-8"?>
<financials>
  <fin_tick/>
  <fin_tick>S</fin_tick>
</financials>
<financials>
  <fin_tick/>
  <fin_tick>TMUS</fin_tick>
</financials>
<financials>
  <fin_tick/>
  <fin_tick>ANDV</fin_tick>
</financials>
<financials>
  <fin_tick/>
  <fin_tick>MPC</fin_tick>
</financials>
<financials>
  <fin_tick/>
  <fin_tick>AAPL</fin_tick>
</financials>
<financials>
  <fin_tick/>
  <fin_tick>VZ</fin_tick>
</financials>
<financials>
  <fin_tick/>
  <fin_tick>DIS</fin_tick>
</financials>
<financials>
  <fin_tick/>
  <fin_tick>NKE</fin_tick>
</financials>
